Model,Train MAE,Train RMSE,Train R2,Test MAE,Test RMSE,Test R2,Generalization Score
LightGBM,7.055888112650402,10.039001027857962,0.9469601150927816,7.789416781003224,10.837335844690989,0.9458412652579108,3.506829634924555
MLP,8.416411884666278,13.053114350101055,0.9103294443649578,10.666956476207073,13.543630278090319,0.9154149472085535,4.21877665427622
Ridge,10.833685701815151,16.426829321794276,0.857986685034874,9.802417865015897,12.787599707995678,0.924594762617608,4.998288515479581
Lasso,11.081459636817678,17.10656058237198,0.8459906899902679,10.309981312443274,13.751449158937882,0.9127992178328758,5.194126358157198
CatBoost,1.722115344363625,2.2184569324486163,0.9974098579669416,8.027742578811981,12.461869666677828,0.9283873318329279,107.7488610841445
XGBoost,0.014140702962870389,0.019591699179642975,0.9999997979932957,6.68126353454588,9.410381440743748,0.9591644978526513,201.51350294132288
